{
  "type": "Compass Connections",
  "version": {
    "$numberInt": "1"
  },
  "connections": [
    {
      "id": "8410a2ef-8155-4d37-be22-7d68571e0e39",
      "lastUsed": {
        "$date": {
          "$numberLong": "1753340801399"
        }
      },
      "favorite": {
        "name": "BDM_Plant"
      },
      "savedConnectionType": "recent",
      "connectionOptions": {
        "connectionString": "mongodb://localhost:27017/",
        "oidc": {
          "serializedState": "eyJvaWRjUGx1Z2luU3RhdGVWZXJzaW9uIjoxLCJzdGF0ZSI6W119"
        }
      }
    }
  ]
}